dataset,embedder,held_out_batch,seed,celltype,f1,support
synthetic,hvg_pca,batch_0,0,type_0,1.0,41
synthetic,hvg_pca,batch_0,0,type_1,1.0,34
synthetic,hvg_pca,batch_0,0,type_2,1.0,36
synthetic,hvg_pca,batch_0,0,type_3,1.0,40
synthetic,hvg_pca,batch_0,0,type_4,1.0,47
synthetic,hvg_pca,batch_0,1,type_0,1.0,41
synthetic,hvg_pca,batch_0,1,type_1,1.0,34
synthetic,hvg_pca,batch_0,1,type_2,1.0,36
synthetic,hvg_pca,batch_0,1,type_3,1.0,40
synthetic,hvg_pca,batch_0,1,type_4,1.0,47
synthetic,hvg_pca,batch_0,2,type_0,1.0,41
synthetic,hvg_pca,batch_0,2,type_1,1.0,34
synthetic,hvg_pca,batch_0,2,type_2,1.0,36
synthetic,hvg_pca,batch_0,2,type_3,1.0,40
synthetic,hvg_pca,batch_0,2,type_4,1.0,47
synthetic,hvg_pca,batch_1,0,type_0,1.0,43
synthetic,hvg_pca,batch_1,0,type_1,1.0,39
synthetic,hvg_pca,batch_1,0,type_2,1.0,47
synthetic,hvg_pca,batch_1,0,type_3,1.0,40
synthetic,hvg_pca,batch_1,0,type_4,1.0,45
synthetic,hvg_pca,batch_1,1,type_0,1.0,43
synthetic,hvg_pca,batch_1,1,type_1,1.0,39
synthetic,hvg_pca,batch_1,1,type_2,1.0,47
synthetic,hvg_pca,batch_1,1,type_3,1.0,40
synthetic,hvg_pca,batch_1,1,type_4,1.0,45
synthetic,hvg_pca,batch_1,2,type_0,1.0,43
synthetic,hvg_pca,batch_1,2,type_1,1.0,39
synthetic,hvg_pca,batch_1,2,type_2,1.0,47
synthetic,hvg_pca,batch_1,2,type_3,1.0,40
synthetic,hvg_pca,batch_1,2,type_4,1.0,45
synthetic,hvg_pca,batch_2,0,type_0,1.0,34
synthetic,hvg_pca,batch_2,0,type_1,1.0,28
synthetic,hvg_pca,batch_2,0,type_2,1.0,42
synthetic,hvg_pca,batch_2,0,type_3,1.0,39
synthetic,hvg_pca,batch_2,0,type_4,1.0,45
synthetic,hvg_pca,batch_2,1,type_0,1.0,34
synthetic,hvg_pca,batch_2,1,type_1,1.0,28
synthetic,hvg_pca,batch_2,1,type_2,1.0,42
synthetic,hvg_pca,batch_2,1,type_3,1.0,39
synthetic,hvg_pca,batch_2,1,type_4,1.0,45
synthetic,hvg_pca,batch_2,2,type_0,1.0,34
synthetic,hvg_pca,batch_2,2,type_1,1.0,28
synthetic,hvg_pca,batch_2,2,type_2,1.0,42
synthetic,hvg_pca,batch_2,2,type_3,1.0,39
synthetic,hvg_pca,batch_2,2,type_4,1.0,45
synthetic,random_projection,batch_0,0,type_0,0.8767123287671232,41
synthetic,random_projection,batch_0,0,type_1,0.9411764705882353,34
synthetic,random_projection,batch_0,0,type_2,0.8,36
synthetic,random_projection,batch_0,0,type_3,0.9041095890410958,40
synthetic,random_projection,batch_0,0,type_4,0.9565217391304348,47
synthetic,random_projection,batch_0,1,type_0,0.963855421686747,41
synthetic,random_projection,batch_0,1,type_1,0.8923076923076924,34
synthetic,random_projection,batch_0,1,type_2,0.9577464788732394,36
synthetic,random_projection,batch_0,1,type_3,0.975609756097561,40
synthetic,random_projection,batch_0,1,type_4,0.9894736842105263,47
synthetic,random_projection,batch_0,2,type_0,0.963855421686747,41
synthetic,random_projection,batch_0,2,type_1,0.8857142857142857,34
synthetic,random_projection,batch_0,2,type_2,0.9411764705882353,36
synthetic,random_projection,batch_0,2,type_3,0.8941176470588236,40
synthetic,random_projection,batch_0,2,type_4,0.9111111111111111,47
synthetic,random_projection,batch_1,0,type_0,0.9052631578947369,43
synthetic,random_projection,batch_1,0,type_1,0.9166666666666666,39
synthetic,random_projection,batch_1,0,type_2,0.9213483146067416,47
synthetic,random_projection,batch_1,0,type_3,0.9411764705882353,40
synthetic,random_projection,batch_1,0,type_4,0.9655172413793104,45
synthetic,random_projection,batch_1,1,type_0,0.9767441860465116,43
synthetic,random_projection,batch_1,1,type_1,0.9743589743589743,39
synthetic,random_projection,batch_1,1,type_2,0.9690721649484536,47
synthetic,random_projection,batch_1,1,type_3,0.95,40
synthetic,random_projection,batch_1,1,type_4,0.9655172413793104,45
synthetic,random_projection,batch_1,2,type_0,0.9512195121951219,43
synthetic,random_projection,batch_1,2,type_1,0.8636363636363636,39
synthetic,random_projection,batch_1,2,type_2,0.8941176470588236,47
synthetic,random_projection,batch_1,2,type_3,0.9066666666666666,40
synthetic,random_projection,batch_1,2,type_4,0.8979591836734694,45
synthetic,random_projection,batch_2,0,type_0,1.0,34
synthetic,random_projection,batch_2,0,type_1,0.9824561403508771,28
synthetic,random_projection,batch_2,0,type_2,0.9629629629629629,42
synthetic,random_projection,batch_2,0,type_3,0.96,39
synthetic,random_projection,batch_2,0,type_4,0.9473684210526315,45
synthetic,random_projection,batch_2,1,type_0,0.9375,34
synthetic,random_projection,batch_2,1,type_1,0.8852459016393442,28
synthetic,random_projection,batch_2,1,type_2,0.9629629629629629,42
synthetic,random_projection,batch_2,1,type_3,0.9333333333333333,39
synthetic,random_projection,batch_2,1,type_4,0.9473684210526315,45
synthetic,random_projection,batch_2,2,type_0,1.0,34
synthetic,random_projection,batch_2,2,type_1,0.8846153846153846,28
synthetic,random_projection,batch_2,2,type_2,0.9545454545454546,42
synthetic,random_projection,batch_2,2,type_3,0.9620253164556962,39
synthetic,random_projection,batch_2,2,type_4,0.9887640449438202,45
synthetic,total_counts,batch_0,0,type_0,0.3333333333333333,41
synthetic,total_counts,batch_0,0,type_1,0.0,34
synthetic,total_counts,batch_0,0,type_2,0.3712574850299401,36
synthetic,total_counts,batch_0,0,type_3,0.0,40
synthetic,total_counts,batch_0,0,type_4,0.2028985507246377,47
synthetic,total_counts,batch_0,1,type_0,0.3333333333333333,41
synthetic,total_counts,batch_0,1,type_1,0.0,34
synthetic,total_counts,batch_0,1,type_2,0.3712574850299401,36
synthetic,total_counts,batch_0,1,type_3,0.0,40
synthetic,total_counts,batch_0,1,type_4,0.2028985507246377,47
synthetic,total_counts,batch_0,2,type_0,0.3333333333333333,41
synthetic,total_counts,batch_0,2,type_1,0.0,34
synthetic,total_counts,batch_0,2,type_2,0.3712574850299401,36
synthetic,total_counts,batch_0,2,type_3,0.0,40
synthetic,total_counts,batch_0,2,type_4,0.2028985507246377,47
synthetic,total_counts,batch_1,0,type_0,0.3829787234042553,43
synthetic,total_counts,batch_1,0,type_1,0.0,39
synthetic,total_counts,batch_1,0,type_2,0.3188405797101449,47
synthetic,total_counts,batch_1,0,type_3,0.0,40
synthetic,total_counts,batch_1,0,type_4,0.3695652173913043,45
synthetic,total_counts,batch_1,1,type_0,0.3829787234042553,43
synthetic,total_counts,batch_1,1,type_1,0.0,39
synthetic,total_counts,batch_1,1,type_2,0.3188405797101449,47
synthetic,total_counts,batch_1,1,type_3,0.0,40
synthetic,total_counts,batch_1,1,type_4,0.3695652173913043,45
synthetic,total_counts,batch_1,2,type_0,0.3829787234042553,43
synthetic,total_counts,batch_1,2,type_1,0.0,39
synthetic,total_counts,batch_1,2,type_2,0.3188405797101449,47
synthetic,total_counts,batch_1,2,type_3,0.0,40
synthetic,total_counts,batch_1,2,type_4,0.3695652173913043,45
synthetic,total_counts,batch_2,0,type_0,0.36666666666666664,34
synthetic,total_counts,batch_2,0,type_1,0.0,28
synthetic,total_counts,batch_2,0,type_2,0.3548387096774194,42
synthetic,total_counts,batch_2,0,type_3,0.136986301369863,39
synthetic,total_counts,batch_2,0,type_4,0.4217687074829932,45
synthetic,total_counts,batch_2,1,type_0,0.36666666666666664,34
synthetic,total_counts,batch_2,1,type_1,0.0,28
synthetic,total_counts,batch_2,1,type_2,0.3548387096774194,42
synthetic,total_counts,batch_2,1,type_3,0.136986301369863,39
synthetic,total_counts,batch_2,1,type_4,0.4217687074829932,45
synthetic,total_counts,batch_2,2,type_0,0.36666666666666664,34
synthetic,total_counts,batch_2,2,type_1,0.0,28
synthetic,total_counts,batch_2,2,type_2,0.3548387096774194,42
synthetic,total_counts,batch_2,2,type_3,0.136986301369863,39
synthetic,total_counts,batch_2,2,type_4,0.4217687074829932,45
