dataset,embedder,held_out_batch,seed,macro_f1,balanced_accuracy,ari,nmi,n_train_cells,n_test_cells,n_labels_test,fit_seconds,embed_dim
synthetic,hvg_pca,batch_0,0,1.0,1.0,1.0,1.0,402,198,5,0.05,50
synthetic,hvg_pca,batch_0,1,1.0,1.0,1.0,1.0,402,198,5,0.06,50
synthetic,hvg_pca,batch_0,2,1.0,1.0,1.0,1.0,402,198,5,0.06,50
synthetic,hvg_pca,batch_1,0,1.0,1.0,1.0,1.0,386,214,5,0.04,50
synthetic,hvg_pca,batch_1,1,1.0,1.0,1.0,1.0,386,214,5,0.04,50
synthetic,hvg_pca,batch_1,2,1.0,1.0,1.0,1.0,386,214,5,0.04,50
synthetic,hvg_pca,batch_2,0,1.0,1.0,1.0,1.0,412,188,5,0.04,50
synthetic,hvg_pca,batch_2,1,1.0,1.0,1.0,0.9999999999999999,412,188,5,0.04,50
synthetic,hvg_pca,batch_2,2,1.0,1.0,1.0,1.0,412,188,5,0.04,50
synthetic,random_projection,batch_0,0,0.8957040255053779,0.8965668976464484,0.9111106521216339,0.9069869613753184,402,198,5,0.01,50
synthetic,random_projection,batch_0,1,0.9557986066351531,0.9545990754025186,0.9517951350334362,0.9416012654903608,402,198,5,0.01,50
synthetic,random_projection,batch_0,2,0.9191949872318406,0.9197207552801435,0.9506751334929736,0.9413537217185793,402,198,5,0.01,50
synthetic,random_projection,batch_1,0,0.9299943702271382,0.9303655210038189,0.975873828847966,0.9721921381868206,386,214,5,0.0,50
synthetic,random_projection,batch_1,1,0.9671385133466501,0.9668872987477639,0.9534506156825487,0.9447813262444078,386,214,5,0.01,50
synthetic,random_projection,batch_1,2,0.9027198746460889,0.9035248269241342,0.9778224633749163,0.9726728321124886,386,214,5,0.01,50
synthetic,random_projection,batch_2,0,0.9705575048732943,0.9703296703296704,0.9234668050836766,0.9083989455313617,412,188,5,0.01,50
synthetic,random_projection,batch_2,1,0.9332821237976544,0.9345291962939022,0.9749965654927791,0.9695812146269251,412,188,5,0.01,50
synthetic,random_projection,batch_2,2,0.957990040112071,0.9547130647130647,0.9872660613574501,0.9847721979055024,412,188,5,0.01,50
synthetic,total_counts,batch_0,0,0.18149787381758223,0.2703021391916047,0.06249271841518194,0.10979696133806448,402,198,5,0.0,2
synthetic,total_counts,batch_0,1,0.18149787381758223,0.2703021391916047,0.0637571620790747,0.11586463674586707,402,198,5,0.0,2
synthetic,total_counts,batch_0,2,0.18149787381758223,0.2703021391916047,0.062312496864270525,0.10580041731716068,402,198,5,0.0,2
synthetic,total_counts,batch_1,0,0.2142769041011409,0.28164055198196714,0.08679453570254941,0.14968870665060446,386,214,5,0.0,2
synthetic,total_counts,batch_1,1,0.2142769041011409,0.28164055198196714,0.08055575292683244,0.14661925651966093,386,214,5,0.0,2
synthetic,total_counts,batch_1,2,0.2142769041011409,0.28164055198196714,0.07676016856050581,0.14528833805873378,386,214,5,0.0,2
synthetic,total_counts,batch_2,0,0.2560520770393884,0.28050563815269697,0.0448524760200431,0.10256026745289129,412,188,5,0.0,2
synthetic,total_counts,batch_2,1,0.2560520770393884,0.28050563815269697,0.0448524760200431,0.10256026745289129,412,188,5,0.0,2
synthetic,total_counts,batch_2,2,0.2560520770393884,0.28050563815269697,0.0448524760200431,0.10256026745289132,412,188,5,0.0,2
