embedder,held_out_batch,seed,true_label,pred_label,count
hvg_pca,batch_0,0,type_0,type_0,41
hvg_pca,batch_0,0,type_1,type_1,34
hvg_pca,batch_0,0,type_2,type_2,36
hvg_pca,batch_0,0,type_3,type_3,40
hvg_pca,batch_0,0,type_4,type_4,47
hvg_pca,batch_0,1,type_0,type_0,41
hvg_pca,batch_0,1,type_1,type_1,34
hvg_pca,batch_0,1,type_2,type_2,36
hvg_pca,batch_0,1,type_3,type_3,40
hvg_pca,batch_0,1,type_4,type_4,47
hvg_pca,batch_0,2,type_0,type_0,41
hvg_pca,batch_0,2,type_1,type_1,34
hvg_pca,batch_0,2,type_2,type_2,36
hvg_pca,batch_0,2,type_3,type_3,40
hvg_pca,batch_0,2,type_4,type_4,47
hvg_pca,batch_1,0,type_0,type_0,43
hvg_pca,batch_1,0,type_1,type_1,39
hvg_pca,batch_1,0,type_2,type_2,47
hvg_pca,batch_1,0,type_3,type_3,40
hvg_pca,batch_1,0,type_4,type_4,45
hvg_pca,batch_1,1,type_0,type_0,43
hvg_pca,batch_1,1,type_1,type_1,39
hvg_pca,batch_1,1,type_2,type_2,47
hvg_pca,batch_1,1,type_3,type_3,40
hvg_pca,batch_1,1,type_4,type_4,45
hvg_pca,batch_1,2,type_0,type_0,43
hvg_pca,batch_1,2,type_1,type_1,39
hvg_pca,batch_1,2,type_2,type_2,47
hvg_pca,batch_1,2,type_3,type_3,40
hvg_pca,batch_1,2,type_4,type_4,45
hvg_pca,batch_2,0,type_0,type_0,34
hvg_pca,batch_2,0,type_1,type_1,28
hvg_pca,batch_2,0,type_2,type_2,42
hvg_pca,batch_2,0,type_3,type_3,39
hvg_pca,batch_2,0,type_4,type_4,45
hvg_pca,batch_2,1,type_0,type_0,34
hvg_pca,batch_2,1,type_1,type_1,28
hvg_pca,batch_2,1,type_2,type_2,42
hvg_pca,batch_2,1,type_3,type_3,39
hvg_pca,batch_2,1,type_4,type_4,45
hvg_pca,batch_2,2,type_0,type_0,34
hvg_pca,batch_2,2,type_1,type_1,28
hvg_pca,batch_2,2,type_2,type_2,42
hvg_pca,batch_2,2,type_3,type_3,39
hvg_pca,batch_2,2,type_4,type_4,45
random_projection,batch_0,0,type_0,type_0,32
random_projection,batch_0,0,type_0,type_1,1
random_projection,batch_0,0,type_1,type_1,32
random_projection,batch_0,0,type_3,type_1,1
random_projection,batch_0,0,type_0,type_2,8
random_projection,batch_0,0,type_1,type_2,2
random_projection,batch_0,0,type_2,type_2,36
random_projection,batch_0,0,type_3,type_2,5
random_projection,batch_0,0,type_4,type_2,3
random_projection,batch_0,0,type_3,type_3,33
random_projection,batch_0,0,type_3,type_4,1
random_projection,batch_0,0,type_4,type_4,44
random_projection,batch_0,1,type_0,type_0,40
random_projection,batch_0,1,type_1,type_0,2
random_projection,batch_0,1,type_1,type_1,29
random_projection,batch_0,1,type_2,type_1,2
random_projection,batch_0,1,type_1,type_2,1
random_projection,batch_0,1,type_2,type_2,34
random_projection,batch_0,1,type_0,type_3,1
random_projection,batch_0,1,type_1,type_3,1
random_projection,batch_0,1,type_3,type_3,40
random_projection,batch_0,1,type_1,type_4,1
random_projection,batch_0,1,type_4,type_4,47
random_projection,batch_0,2,type_0,type_0,40
random_projection,batch_0,2,type_1,type_0,1
random_projection,batch_0,2,type_4,type_0,1
random_projection,batch_0,2,type_0,type_1,1
random_projection,batch_0,2,type_1,type_1,31
random_projection,batch_0,2,type_2,type_1,1
random_projection,batch_0,2,type_3,type_1,2
random_projection,batch_0,2,type_4,type_1,1
random_projection,batch_0,2,type_2,type_2,32
random_projection,batch_0,2,type_1,type_3,2
random_projection,batch_0,2,type_2,type_3,1
random_projection,batch_0,2,type_3,type_3,38
random_projection,batch_0,2,type_4,type_3,4
random_projection,batch_0,2,type_2,type_4,2
random_projection,batch_0,2,type_4,type_4,41
random_projection,batch_1,0,type_0,type_0,43
random_projection,batch_1,0,type_1,type_0,3
random_projection,batch_1,0,type_2,type_0,5
random_projection,batch_1,0,type_4,type_0,1
random_projection,batch_1,0,type_1,type_1,33
random_projection,batch_1,0,type_1,type_2,1
random_projection,batch_1,0,type_2,type_2,41
random_projection,batch_1,0,type_1,type_3,2
random_projection,batch_1,0,type_2,type_3,1
random_projection,batch_1,0,type_3,type_3,40
random_projection,batch_1,0,type_4,type_3,2
random_projection,batch_1,0,type_4,type_4,42
random_projection,batch_1,1,type_0,type_0,42
random_projection,batch_1,1,type_3,type_0,1
random_projection,batch_1,1,type_1,type_1,38
random_projection,batch_1,1,type_4,type_1,1
random_projection,batch_1,1,type_0,type_2,1
random_projection,batch_1,1,type_1,type_2,1
random_projection,batch_1,1,type_2,type_2,47
random_projection,batch_1,1,type_3,type_2,1
random_projection,batch_1,1,type_3,type_3,38
random_projection,batch_1,1,type_4,type_3,2
random_projection,batch_1,1,type_4,type_4,42
random_projection,batch_1,2,type_0,type_0,39
random_projection,batch_1,2,type_0,type_1,1
random_projection,batch_1,2,type_1,type_1,38
random_projection,batch_1,2,type_2,type_1,6
random_projection,batch_1,2,type_3,type_1,3
random_projection,batch_1,2,type_4,type_1,1
random_projection,batch_1,2,type_2,type_2,38
random_projection,batch_1,2,type_1,type_3,1
random_projection,batch_1,2,type_3,type_3,34
random_projection,batch_1,2,type_0,type_4,3
random_projection,batch_1,2,type_2,type_4,3
random_projection,batch_1,2,type_3,type_4,3
random_projection,batch_1,2,type_4,type_4,44
random_projection,batch_2,0,type_0,type_0,34
random_projection,batch_2,0,type_1,type_1,28
random_projection,batch_2,0,type_2,type_1,1
random_projection,batch_2,0,type_2,type_2,39
random_projection,batch_2,0,type_3,type_3,36
random_projection,batch_2,0,type_2,type_4,2
random_projection,batch_2,0,type_3,type_4,3
random_projection,batch_2,0,type_4,type_4,45
random_projection,batch_2,1,type_0,type_0,30
random_projection,batch_2,1,type_0,type_1,2
random_projection,batch_2,1,type_1,type_1,27
random_projection,batch_2,1,type_2,type_1,3
random_projection,batch_2,1,type_3,type_1,1
random_projection,batch_2,1,type_2,type_2,39
random_projection,batch_2,1,type_0,type_3,1
random_projection,batch_2,1,type_3,type_3,35
random_projection,batch_2,1,type_0,type_4,1
random_projection,batch_2,1,type_1,type_4,1
random_projection,batch_2,1,type_3,type_4,3
random_projection,batch_2,1,type_4,type_4,45
random_projection,batch_2,2,type_0,type_0,34
random_projection,batch_2,2,type_1,type_1,23
random_projection,batch_2,2,type_3,type_1,1
random_projection,batch_2,2,type_1,type_2,3
random_projection,batch_2,2,type_2,type_2,42
random_projection,batch_2,2,type_4,type_2,1
random_projection,batch_2,2,type_1,type_3,2
random_projection,batch_2,2,type_3,type_3,38
random_projection,batch_2,2,type_4,type_4,44
total_counts,batch_0,0,type_0,type_0,14
total_counts,batch_0,0,type_1,type_0,9
total_counts,batch_0,0,type_2,type_0,4
total_counts,batch_0,0,type_3,type_0,6
total_counts,batch_0,0,type_4,type_0,10
total_counts,batch_0,0,type_0,type_2,25
total_counts,batch_0,0,type_1,type_2,19
total_counts,batch_0,0,type_2,type_2,31
total_counts,batch_0,0,type_3,type_2,28
total_counts,batch_0,0,type_4,type_2,28
total_counts,batch_0,0,type_4,type_3,2
total_counts,batch_0,0,type_0,type_4,2
total_counts,batch_0,0,type_1,type_4,6
total_counts,batch_0,0,type_2,type_4,1
total_counts,batch_0,0,type_3,type_4,6
total_counts,batch_0,0,type_4,type_4,7
total_counts,batch_0,1,type_0,type_0,14
total_counts,batch_0,1,type_1,type_0,9
total_counts,batch_0,1,type_2,type_0,4
total_counts,batch_0,1,type_3,type_0,6
total_counts,batch_0,1,type_4,type_0,10
total_counts,batch_0,1,type_0,type_2,25
total_counts,batch_0,1,type_1,type_2,19
total_counts,batch_0,1,type_2,type_2,31
total_counts,batch_0,1,type_3,type_2,28
total_counts,batch_0,1,type_4,type_2,28
total_counts,batch_0,1,type_4,type_3,2
total_counts,batch_0,1,type_0,type_4,2
total_counts,batch_0,1,type_1,type_4,6
total_counts,batch_0,1,type_2,type_4,1
total_counts,batch_0,1,type_3,type_4,6
total_counts,batch_0,1,type_4,type_4,7
total_counts,batch_0,2,type_0,type_0,14
total_counts,batch_0,2,type_1,type_0,9
total_counts,batch_0,2,type_2,type_0,4
total_counts,batch_0,2,type_3,type_0,6
total_counts,batch_0,2,type_4,type_0,10
total_counts,batch_0,2,type_0,type_2,25
total_counts,batch_0,2,type_1,type_2,19
total_counts,batch_0,2,type_2,type_2,31
total_counts,batch_0,2,type_3,type_2,28
total_counts,batch_0,2,type_4,type_2,28
total_counts,batch_0,2,type_4,type_3,2
total_counts,batch_0,2,type_0,type_4,2
total_counts,batch_0,2,type_1,type_4,6
total_counts,batch_0,2,type_2,type_4,1
total_counts,batch_0,2,type_3,type_4,6
total_counts,batch_0,2,type_4,type_4,7
total_counts,batch_1,0,type_0,type_0,18
total_counts,batch_1,0,type_1,type_0,3
total_counts,batch_1,0,type_2,type_0,18
total_counts,batch_1,0,type_3,type_0,2
total_counts,batch_1,0,type_4,type_0,10
total_counts,batch_1,0,type_0,type_2,8
total_counts,batch_1,0,type_2,type_2,11
total_counts,batch_1,0,type_3,type_2,2
total_counts,batch_1,0,type_4,type_2,1
total_counts,batch_1,0,type_0,type_3,1
total_counts,batch_1,0,type_2,type_3,1
total_counts,batch_1,0,type_0,type_4,16
total_counts,batch_1,0,type_1,type_4,36
total_counts,batch_1,0,type_2,type_4,17
total_counts,batch_1,0,type_3,type_4,36
total_counts,batch_1,0,type_4,type_4,34
total_counts,batch_1,1,type_0,type_0,18
total_counts,batch_1,1,type_1,type_0,3
total_counts,batch_1,1,type_2,type_0,18
total_counts,batch_1,1,type_3,type_0,2
total_counts,batch_1,1,type_4,type_0,10
total_counts,batch_1,1,type_0,type_2,8
total_counts,batch_1,1,type_2,type_2,11
total_counts,batch_1,1,type_3,type_2,2
total_counts,batch_1,1,type_4,type_2,1
total_counts,batch_1,1,type_0,type_3,1
total_counts,batch_1,1,type_2,type_3,1
total_counts,batch_1,1,type_0,type_4,16
total_counts,batch_1,1,type_1,type_4,36
total_counts,batch_1,1,type_2,type_4,17
total_counts,batch_1,1,type_3,type_4,36
total_counts,batch_1,1,type_4,type_4,34
total_counts,batch_1,2,type_0,type_0,18
total_counts,batch_1,2,type_1,type_0,3
total_counts,batch_1,2,type_2,type_0,18
total_counts,batch_1,2,type_3,type_0,2
total_counts,batch_1,2,type_4,type_0,10
total_counts,batch_1,2,type_0,type_2,8
total_counts,batch_1,2,type_2,type_2,11
total_counts,batch_1,2,type_3,type_2,2
total_counts,batch_1,2,type_4,type_2,1
total_counts,batch_1,2,type_0,type_3,1
total_counts,batch_1,2,type_2,type_3,1
total_counts,batch_1,2,type_0,type_4,16
total_counts,batch_1,2,type_1,type_4,36
total_counts,batch_1,2,type_2,type_4,17
total_counts,batch_1,2,type_3,type_4,36
total_counts,batch_1,2,type_4,type_4,34
total_counts,batch_2,0,type_0,type_0,11
total_counts,batch_2,0,type_1,type_0,2
total_counts,batch_2,0,type_2,type_0,5
total_counts,batch_2,0,type_3,type_0,3
total_counts,batch_2,0,type_4,type_0,5
total_counts,batch_2,0,type_0,type_1,3
total_counts,batch_2,0,type_3,type_1,2
total_counts,batch_2,0,type_4,type_1,1
total_counts,batch_2,0,type_0,type_2,1
total_counts,batch_2,0,type_1,type_2,4
total_counts,batch_2,0,type_2,type_2,11
total_counts,batch_2,0,type_3,type_2,3
total_counts,batch_2,0,type_4,type_2,1
total_counts,batch_2,0,type_0,type_3,4
total_counts,batch_2,0,type_1,type_3,6
total_counts,batch_2,0,type_2,type_3,12
total_counts,batch_2,0,type_3,type_3,5
total_counts,batch_2,0,type_4,type_3,7
total_counts,batch_2,0,type_0,type_4,15
total_counts,batch_2,0,type_1,type_4,16
total_counts,batch_2,0,type_2,type_4,14
total_counts,batch_2,0,type_3,type_4,26
total_counts,batch_2,0,type_4,type_4,31
total_counts,batch_2,1,type_0,type_0,11
total_counts,batch_2,1,type_1,type_0,2
total_counts,batch_2,1,type_2,type_0,5
total_counts,batch_2,1,type_3,type_0,3
total_counts,batch_2,1,type_4,type_0,5
total_counts,batch_2,1,type_0,type_1,3
total_counts,batch_2,1,type_3,type_1,2
total_counts,batch_2,1,type_4,type_1,1
total_counts,batch_2,1,type_0,type_2,1
total_counts,batch_2,1,type_1,type_2,4
total_counts,batch_2,1,type_2,type_2,11
total_counts,batch_2,1,type_3,type_2,3
total_counts,batch_2,1,type_4,type_2,1
total_counts,batch_2,1,type_0,type_3,4
total_counts,batch_2,1,type_1,type_3,6
total_counts,batch_2,1,type_2,type_3,12
total_counts,batch_2,1,type_3,type_3,5
total_counts,batch_2,1,type_4,type_3,7
total_counts,batch_2,1,type_0,type_4,15
total_counts,batch_2,1,type_1,type_4,16
total_counts,batch_2,1,type_2,type_4,14
total_counts,batch_2,1,type_3,type_4,26
total_counts,batch_2,1,type_4,type_4,31
total_counts,batch_2,2,type_0,type_0,11
total_counts,batch_2,2,type_1,type_0,2
total_counts,batch_2,2,type_2,type_0,5
total_counts,batch_2,2,type_3,type_0,3
total_counts,batch_2,2,type_4,type_0,5
total_counts,batch_2,2,type_0,type_1,3
total_counts,batch_2,2,type_3,type_1,2
total_counts,batch_2,2,type_4,type_1,1
total_counts,batch_2,2,type_0,type_2,1
total_counts,batch_2,2,type_1,type_2,4
total_counts,batch_2,2,type_2,type_2,11
total_counts,batch_2,2,type_3,type_2,3
total_counts,batch_2,2,type_4,type_2,1
total_counts,batch_2,2,type_0,type_3,4
total_counts,batch_2,2,type_1,type_3,6
total_counts,batch_2,2,type_2,type_3,12
total_counts,batch_2,2,type_3,type_3,5
total_counts,batch_2,2,type_4,type_3,7
total_counts,batch_2,2,type_0,type_4,15
total_counts,batch_2,2,type_1,type_4,16
total_counts,batch_2,2,type_2,type_4,14
total_counts,batch_2,2,type_3,type_4,26
total_counts,batch_2,2,type_4,type_4,31
